trial_id,attack_type,n_points,magnitude_uv,orig_pred,pert_pred,misclassified,snr_db
0,random,1,0.5,2,2,0,49.51
0,random,1,1.0,2,2,0,43.48
0,random,1,2.0,2,2,0,37.46
0,random,1,5.0,2,2,0,29.51
0,random,1,10.0,2,2,0,23.48
0,random,2,0.5,2,2,0,46.5
0,random,2,1.0,2,2,0,40.47
0,random,2,2.0,2,2,0,34.45
0,random,2,5.0,2,2,0,26.5
0,random,2,10.0,2,2,0,20.47
0,targeted,1,0.5,2,2,0,62.93
0,targeted,1,1.0,2,2,0,56.91
0,targeted,1,2.0,2,2,0,50.89
0,targeted,1,5.0,2,2,0,42.93
0,targeted,1,10.0,2,2,0,36.91
0,targeted,2,0.5,2,2,0,59.92
0,targeted,2,1.0,2,2,0,53.9
0,targeted,2,2.0,2,2,0,47.88
0,targeted,2,5.0,2,2,0,39.92
0,targeted,2,10.0,2,2,0,33.9
1,random,1,0.5,0,0,0,48.73
1,random,1,1.0,0,0,0,42.71
1,random,1,2.0,0,0,0,36.69
1,random,1,5.0,0,0,0,28.73
1,random,1,10.0,0,0,0,22.71
1,random,2,0.5,0,0,0,45.72
1,random,2,1.0,0,0,0,39.7
1,random,2,2.0,0,0,0,33.67
1,random,2,5.0,0,0,0,25.72
1,random,2,10.0,0,0,0,19.7
1,targeted,1,0.5,0,0,0,62.15
1,targeted,1,1.0,0,0,0,56.13
1,targeted,1,2.0,0,0,0,50.11
1,targeted,1,5.0,0,0,0,42.15
1,targeted,1,10.0,0,0,0,36.13
1,targeted,2,0.5,0,0,0,59.14
1,targeted,2,1.0,0,0,0,53.12
1,targeted,2,2.0,0,0,0,47.1
1,targeted,2,5.0,0,0,0,39.14
1,targeted,2,10.0,0,0,0,33.12
2,random,1,0.5,0,0,0,47.68
2,random,1,1.0,0,0,0,41.66
2,random,1,2.0,0,0,0,35.64
2,random,1,5.0,0,0,0,27.68
2,random,1,10.0,0,0,0,21.66
2,random,2,0.5,0,0,0,44.67
2,random,2,1.0,0,0,0,38.65
2,random,2,2.0,0,0,0,32.63
2,random,2,5.0,0,0,0,24.67
2,random,2,10.0,0,0,0,18.65
2,targeted,1,0.5,0,0,0,61.1
2,targeted,1,1.0,0,0,0,55.08
2,targeted,1,2.0,0,0,0,49.06
2,targeted,1,5.0,0,0,0,41.1
2,targeted,1,10.0,0,0,0,35.08
2,targeted,2,0.5,0,0,0,58.09
2,targeted,2,1.0,0,0,0,52.07
2,targeted,2,2.0,0,0,0,46.05
2,targeted,2,5.0,0,0,0,38.09
2,targeted,2,10.0,0,0,0,32.07
3,random,1,0.5,2,2,0,49.08
3,random,1,1.0,2,2,0,43.06
3,random,1,2.0,2,2,0,37.04
3,random,1,5.0,2,2,0,29.08
3,random,1,10.0,2,2,0,23.06
3,random,2,0.5,2,2,0,46.07
3,random,2,1.0,2,2,0,40.05
3,random,2,2.0,2,2,0,34.03
3,random,2,5.0,2,2,0,26.07
3,random,2,10.0,2,2,0,20.05
3,targeted,1,0.5,2,2,0,62.5
3,targeted,1,1.0,2,2,0,56.48
3,targeted,1,2.0,2,2,0,50.46
3,targeted,1,5.0,2,0,1,42.5
3,targeted,1,10.0,2,0,1,36.48
3,targeted,2,0.5,2,2,0,59.49
3,targeted,2,1.0,2,2,0,53.47
3,targeted,2,2.0,2,2,0,47.45
3,targeted,2,5.0,2,0,1,39.49
3,targeted,2,10.0,2,0,1,33.47
4,random,1,0.5,0,0,0,49.09
4,random,1,1.0,0,0,0,43.07
4,random,1,2.0,0,0,0,37.05
4,random,1,5.0,0,0,0,29.09
4,random,1,10.0,0,0,0,23.07
4,random,2,0.5,0,0,0,46.08
4,random,2,1.0,0,0,0,40.06
4,random,2,2.0,0,0,0,34.04
4,random,2,5.0,0,0,0,26.08
4,random,2,10.0,0,0,0,20.06
4,targeted,1,0.5,0,0,0,62.51
4,targeted,1,1.0,0,0,0,56.49
4,targeted,1,2.0,0,0,0,50.47
4,targeted,1,5.0,0,0,0,42.51
4,targeted,1,10.0,0,0,0,36.49
4,targeted,2,0.5,0,0,0,59.5
4,targeted,2,1.0,0,0,0,53.48
4,targeted,2,2.0,0,0,0,47.46
4,targeted,2,5.0,0,0,0,39.5
4,targeted,2,10.0,0,0,0,33.48
5,random,1,0.5,2,2,0,47.39
5,random,1,1.0,2,2,0,41.37
5,random,1,2.0,2,2,0,35.35
5,random,1,5.0,2,2,0,27.39
5,random,1,10.0,2,2,0,21.37
5,random,2,0.5,2,2,0,44.38
5,random,2,1.0,2,2,0,38.36
5,random,2,2.0,2,2,0,32.34
5,random,2,5.0,2,2,0,24.38
5,random,2,10.0,2,2,0,18.36
5,targeted,1,0.5,2,2,0,60.82
5,targeted,1,1.0,2,2,0,54.8
5,targeted,1,2.0,2,0,1,48.78
5,targeted,1,5.0,2,0,1,40.82
5,targeted,1,10.0,2,0,1,34.8
5,targeted,2,0.5,2,2,0,57.81
5,targeted,2,1.0,2,0,1,51.79
5,targeted,2,2.0,2,0,1,45.77
5,targeted,2,5.0,2,0,1,37.81
5,targeted,2,10.0,2,0,1,31.79
6,random,1,0.5,1,1,0,46.51
6,random,1,1.0,1,1,0,40.49
6,random,1,2.0,1,1,0,34.47
6,random,1,5.0,1,1,0,26.51
6,random,1,10.0,1,1,0,20.49
6,random,2,0.5,1,1,0,43.5
6,random,2,1.0,1,1,0,37.48
6,random,2,2.0,1,1,0,31.46
6,random,2,5.0,1,1,0,23.5
6,random,2,10.0,1,1,0,17.48
6,targeted,1,0.5,1,1,0,59.94
6,targeted,1,1.0,1,1,0,53.92
6,targeted,1,2.0,1,1,0,47.9
6,targeted,1,5.0,1,1,0,39.94
6,targeted,1,10.0,1,1,0,33.92
6,targeted,2,0.5,1,1,0,56.93
6,targeted,2,1.0,1,1,0,50.91
6,targeted,2,2.0,1,1,0,44.89
6,targeted,2,5.0,1,1,0,36.93
6,targeted,2,10.0,1,1,0,30.91
7,random,1,0.5,1,1,0,47.95
7,random,1,1.0,1,1,0,41.93
7,random,1,2.0,1,1,0,35.91
7,random,1,5.0,1,1,0,27.95
7,random,1,10.0,1,1,0,21.93
7,random,2,0.5,1,1,0,44.94
7,random,2,1.0,1,1,0,38.92
7,random,2,2.0,1,1,0,32.9
7,random,2,5.0,1,1,0,24.94
7,random,2,10.0,1,1,0,18.92
7,targeted,1,0.5,1,1,0,61.38
7,targeted,1,1.0,1,1,0,55.36
7,targeted,1,2.0,1,1,0,49.34
7,targeted,1,5.0,1,1,0,41.38
7,targeted,1,10.0,1,1,0,35.36
7,targeted,2,0.5,1,1,0,58.37
7,targeted,2,1.0,1,1,0,52.35
7,targeted,2,2.0,1,1,0,46.33
7,targeted,2,5.0,1,1,0,38.37
7,targeted,2,10.0,1,1,0,32.35
8,random,1,0.5,2,2,0,47.72
8,random,1,1.0,2,2,0,41.7
8,random,1,2.0,2,2,0,35.68
8,random,1,5.0,2,2,0,27.72
8,random,1,10.0,2,2,0,21.7
8,random,2,0.5,2,2,0,44.71
8,random,2,1.0,2,2,0,38.69
8,random,2,2.0,2,2,0,32.67
8,random,2,5.0,2,2,0,24.71
8,random,2,10.0,2,2,0,18.69
8,targeted,1,0.5,2,2,0,61.15
8,targeted,1,1.0,2,2,0,55.13
8,targeted,1,2.0,2,2,0,49.11
8,targeted,1,5.0,2,0,1,41.15
8,targeted,1,10.0,2,0,1,35.13
8,targeted,2,0.5,2,2,0,58.14
8,targeted,2,1.0,2,2,0,52.12
8,targeted,2,2.0,2,2,0,46.09
8,targeted,2,5.0,2,0,1,38.14
8,targeted,2,10.0,2,0,1,32.12
9,random,1,0.5,1,1,0,48.86
9,random,1,1.0,1,1,0,42.84
9,random,1,2.0,1,1,0,36.82
9,random,1,5.0,1,1,0,28.86
9,random,1,10.0,1,1,0,22.84
9,random,2,0.5,1,1,0,45.85
9,random,2,1.0,1,1,0,39.83
9,random,2,2.0,1,1,0,33.81
9,random,2,5.0,1,1,0,25.85
9,random,2,10.0,1,1,0,19.83
9,targeted,1,0.5,1,1,0,62.29
9,targeted,1,1.0,1,1,0,56.27
9,targeted,1,2.0,1,1,0,50.25
9,targeted,1,5.0,1,1,0,42.29
9,targeted,1,10.0,1,1,0,36.27
9,targeted,2,0.5,1,1,0,59.28
9,targeted,2,1.0,1,1,0,53.26
9,targeted,2,2.0,1,1,0,47.24
9,targeted,2,5.0,1,1,0,39.28
9,targeted,2,10.0,1,1,0,33.26
10,random,1,0.5,2,2,0,47.77
10,random,1,1.0,2,2,0,41.75
10,random,1,2.0,2,2,0,35.73
10,random,1,5.0,2,2,0,27.77
10,random,1,10.0,2,2,0,21.75
10,random,2,0.5,2,2,0,44.76
10,random,2,1.0,2,2,0,38.74
10,random,2,2.0,2,2,0,32.72
10,random,2,5.0,2,2,0,24.76
10,random,2,10.0,2,2,0,18.74
10,targeted,1,0.5,2,2,0,61.2
10,targeted,1,1.0,2,2,0,55.18
10,targeted,1,2.0,2,2,0,49.16
10,targeted,1,5.0,2,2,0,41.2
10,targeted,1,10.0,2,2,0,35.18
10,targeted,2,0.5,2,2,0,58.19
10,targeted,2,1.0,2,2,0,52.17
10,targeted,2,2.0,2,2,0,46.15
10,targeted,2,5.0,2,2,0,38.19
10,targeted,2,10.0,2,2,0,32.17
11,random,1,0.5,0,0,0,48.12
11,random,1,1.0,0,0,0,42.1
11,random,1,2.0,0,0,0,36.08
11,random,1,5.0,0,0,0,28.12
11,random,1,10.0,0,0,0,22.1
11,random,2,0.5,0,0,0,45.11
11,random,2,1.0,0,0,0,39.09
11,random,2,2.0,0,0,0,33.06
11,random,2,5.0,0,0,0,25.11
11,random,2,10.0,0,0,0,19.09
11,targeted,1,0.5,0,0,0,61.54
11,targeted,1,1.0,0,0,0,55.52
11,targeted,1,2.0,0,0,0,49.5
11,targeted,1,5.0,0,0,0,41.54
11,targeted,1,10.0,0,2,1,35.52
11,targeted,2,0.5,0,0,0,58.53
11,targeted,2,1.0,0,0,0,52.51
11,targeted,2,2.0,0,0,0,46.49
11,targeted,2,5.0,0,2,1,38.53
11,targeted,2,10.0,0,2,1,32.51
12,random,1,0.5,1,1,0,47.73
12,random,1,1.0,1,1,0,41.71
12,random,1,2.0,1,1,0,35.69
12,random,1,5.0,1,1,0,27.73
12,random,1,10.0,1,1,0,21.71
12,random,2,0.5,1,1,0,44.72
12,random,2,1.0,1,1,0,38.7
12,random,2,2.0,1,1,0,32.68
12,random,2,5.0,1,1,0,24.72
12,random,2,10.0,1,1,0,18.7
12,targeted,1,0.5,1,1,0,61.15
12,targeted,1,1.0,1,1,0,55.13
12,targeted,1,2.0,1,1,0,49.11
12,targeted,1,5.0,1,1,0,41.15
12,targeted,1,10.0,1,1,0,35.13
12,targeted,2,0.5,1,1,0,58.14
12,targeted,2,1.0,1,1,0,52.12
12,targeted,2,2.0,1,1,0,46.1
12,targeted,2,5.0,1,1,0,38.14
12,targeted,2,10.0,1,1,0,32.12
13,random,1,0.5,1,1,0,47.57
13,random,1,1.0,1,1,0,41.55
13,random,1,2.0,1,1,0,35.53
13,random,1,5.0,1,1,0,27.57
13,random,1,10.0,1,1,0,21.55
13,random,2,0.5,1,1,0,44.56
13,random,2,1.0,1,1,0,38.54
13,random,2,2.0,1,1,0,32.52
13,random,2,5.0,1,1,0,24.56
13,random,2,10.0,1,1,0,18.54
13,targeted,1,0.5,1,1,0,60.99
13,targeted,1,1.0,1,1,0,54.97
13,targeted,1,2.0,1,1,0,48.95
13,targeted,1,5.0,1,1,0,40.99
13,targeted,1,10.0,1,1,0,34.97
13,targeted,2,0.5,1,1,0,57.98
13,targeted,2,1.0,1,1,0,51.96
13,targeted,2,2.0,1,1,0,45.94
13,targeted,2,5.0,1,1,0,37.98
13,targeted,2,10.0,1,1,0,31.96
14,random,1,0.5,0,0,0,49.87
14,random,1,1.0,0,0,0,43.85
14,random,1,2.0,0,0,0,37.83
14,random,1,5.0,0,0,0,29.87
14,random,1,10.0,0,0,0,23.85
14,random,2,0.5,0,0,0,46.86
14,random,2,1.0,0,0,0,40.84
14,random,2,2.0,0,0,0,34.82
14,random,2,5.0,0,0,0,26.86
14,random,2,10.0,0,0,0,20.84
14,targeted,1,0.5,0,0,0,63.29
14,targeted,1,1.0,0,0,0,57.27
14,targeted,1,2.0,0,0,0,51.25
14,targeted,1,5.0,0,0,0,43.29
14,targeted,1,10.0,0,0,0,37.27
14,targeted,2,0.5,0,0,0,60.28
14,targeted,2,1.0,0,0,0,54.26
14,targeted,2,2.0,0,0,0,48.24
14,targeted,2,5.0,0,0,0,40.28
14,targeted,2,10.0,0,0,0,34.26
15,random,1,0.5,0,0,0,47.57
15,random,1,1.0,0,0,0,41.55
15,random,1,2.0,0,0,0,35.53
15,random,1,5.0,0,0,0,27.57
15,random,1,10.0,0,0,0,21.55
15,random,2,0.5,0,0,0,44.56
15,random,2,1.0,0,0,0,38.54
15,random,2,2.0,0,0,0,32.52
15,random,2,5.0,0,0,0,24.56
15,random,2,10.0,0,0,0,18.54
15,targeted,1,0.5,0,0,0,61.0
15,targeted,1,1.0,0,0,0,54.98
15,targeted,1,2.0,0,0,0,48.96
15,targeted,1,5.0,0,0,0,41.0
15,targeted,1,10.0,0,0,0,34.98
15,targeted,2,0.5,0,0,0,57.99
15,targeted,2,1.0,0,0,0,51.97
15,targeted,2,2.0,0,0,0,45.95
15,targeted,2,5.0,0,0,0,37.99
15,targeted,2,10.0,0,2,1,31.97
16,random,1,0.5,1,1,0,47.09
16,random,1,1.0,1,1,0,41.07
16,random,1,2.0,1,1,0,35.05
16,random,1,5.0,1,1,0,27.09
16,random,1,10.0,1,1,0,21.07
16,random,2,0.5,1,1,0,44.08
16,random,2,1.0,1,1,0,38.06
16,random,2,2.0,1,1,0,32.04
16,random,2,5.0,1,1,0,24.08
16,random,2,10.0,1,1,0,18.06
16,targeted,1,0.5,1,1,0,60.52
16,targeted,1,1.0,1,1,0,54.5
16,targeted,1,2.0,1,1,0,48.48
16,targeted,1,5.0,1,1,0,40.52
16,targeted,1,10.0,1,1,0,34.5
16,targeted,2,0.5,1,1,0,57.51
16,targeted,2,1.0,1,1,0,51.49
16,targeted,2,2.0,1,1,0,45.47
16,targeted,2,5.0,1,1,0,37.51
16,targeted,2,10.0,1,1,0,31.49
17,random,1,0.5,0,0,0,50.25
17,random,1,1.0,0,0,0,44.23
17,random,1,2.0,0,0,0,38.21
17,random,1,5.0,0,0,0,30.25
17,random,1,10.0,0,0,0,24.23
17,random,2,0.5,0,0,0,47.24
17,random,2,1.0,0,0,0,41.22
17,random,2,2.0,0,0,0,35.2
17,random,2,5.0,0,0,0,27.24
17,random,2,10.0,0,0,0,21.22
17,targeted,1,0.5,0,0,0,63.67
17,targeted,1,1.0,0,0,0,57.65
17,targeted,1,2.0,0,0,0,51.63
17,targeted,1,5.0,0,0,0,43.67
17,targeted,1,10.0,0,0,0,37.65
17,targeted,2,0.5,0,0,0,60.66
17,targeted,2,1.0,0,0,0,54.64
17,targeted,2,2.0,0,0,0,48.62
17,targeted,2,5.0,0,0,0,40.66
17,targeted,2,10.0,0,0,0,34.64
18,random,1,0.5,0,0,0,47.93
18,random,1,1.0,0,0,0,41.91
18,random,1,2.0,0,0,0,35.89
18,random,1,5.0,0,0,0,27.93
18,random,1,10.0,0,0,0,21.91
18,random,2,0.5,0,0,0,44.92
18,random,2,1.0,0,0,0,38.9
18,random,2,2.0,0,0,0,32.88
18,random,2,5.0,0,0,0,24.92
18,random,2,10.0,0,0,0,18.9
18,targeted,1,0.5,0,0,0,61.36
18,targeted,1,1.0,0,0,0,55.34
18,targeted,1,2.0,0,0,0,49.32
18,targeted,1,5.0,0,0,0,41.36
18,targeted,1,10.0,0,0,0,35.34
18,targeted,2,0.5,0,0,0,58.35
18,targeted,2,1.0,0,0,0,52.33
18,targeted,2,2.0,0,0,0,46.31
18,targeted,2,5.0,0,0,0,38.35
18,targeted,2,10.0,0,0,0,32.33
19,random,1,0.5,2,2,0,48.04
19,random,1,1.0,2,2,0,42.02
19,random,1,2.0,2,2,0,36.0
19,random,1,5.0,2,2,0,28.04
19,random,1,10.0,2,2,0,22.02
19,random,2,0.5,2,2,0,45.03
19,random,2,1.0,2,2,0,39.01
19,random,2,2.0,2,2,0,32.99
19,random,2,5.0,2,2,0,25.03
19,random,2,10.0,2,2,0,19.01
19,targeted,1,0.5,2,2,0,61.46
19,targeted,1,1.0,2,2,0,55.44
19,targeted,1,2.0,2,2,0,49.42
19,targeted,1,5.0,2,2,0,41.46
19,targeted,1,10.0,2,2,0,35.44
19,targeted,2,0.5,2,2,0,58.45
19,targeted,2,1.0,2,2,0,52.43
19,targeted,2,2.0,2,2,0,46.41
19,targeted,2,5.0,2,2,0,38.45
19,targeted,2,10.0,2,2,0,32.43
20,random,1,0.5,0,0,0,48.25
20,random,1,1.0,0,0,0,42.23
20,random,1,2.0,0,0,0,36.21
20,random,1,5.0,0,0,0,28.25
20,random,1,10.0,0,0,0,22.23
20,random,2,0.5,0,0,0,45.24
20,random,2,1.0,0,0,0,39.22
20,random,2,2.0,0,0,0,33.2
20,random,2,5.0,0,0,0,25.24
20,random,2,10.0,0,0,0,19.22
20,targeted,1,0.5,0,0,0,61.67
20,targeted,1,1.0,0,0,0,55.65
20,targeted,1,2.0,0,0,0,49.63
20,targeted,1,5.0,0,2,1,41.67
20,targeted,1,10.0,0,2,1,35.65
20,targeted,2,0.5,0,0,0,58.66
20,targeted,2,1.0,0,0,0,52.64
20,targeted,2,2.0,0,2,1,46.62
20,targeted,2,5.0,0,2,1,38.66
20,targeted,2,10.0,0,2,1,32.64
21,random,1,0.5,1,1,0,46.23
21,random,1,1.0,1,1,0,40.21
21,random,1,2.0,1,1,0,34.19
21,random,1,5.0,1,1,0,26.23
21,random,1,10.0,1,1,0,20.21
21,random,2,0.5,1,1,0,43.22
21,random,2,1.0,1,1,0,37.2
21,random,2,2.0,1,1,0,31.18
21,random,2,5.0,1,1,0,23.22
21,random,2,10.0,1,1,0,17.2
21,targeted,1,0.5,1,1,0,59.66
21,targeted,1,1.0,1,1,0,53.64
21,targeted,1,2.0,1,1,0,47.62
21,targeted,1,5.0,1,1,0,39.66
21,targeted,1,10.0,1,1,0,33.64
21,targeted,2,0.5,1,1,0,56.65
21,targeted,2,1.0,1,1,0,50.63
21,targeted,2,2.0,1,1,0,44.61
21,targeted,2,5.0,1,1,0,36.65
21,targeted,2,10.0,1,1,0,30.63
22,random,1,0.5,0,0,0,48.7
22,random,1,1.0,0,0,0,42.68
22,random,1,2.0,0,0,0,36.66
22,random,1,5.0,0,0,0,28.7
22,random,1,10.0,0,0,0,22.68
22,random,2,0.5,0,0,0,45.69
22,random,2,1.0,0,0,0,39.67
22,random,2,2.0,0,0,0,33.65
22,random,2,5.0,0,0,0,25.69
22,random,2,10.0,0,0,0,19.67
22,targeted,1,0.5,0,0,0,62.13
22,targeted,1,1.0,0,0,0,56.11
22,targeted,1,2.0,0,0,0,50.08
22,targeted,1,5.0,0,0,0,42.13
22,targeted,1,10.0,0,2,1,36.11
22,targeted,2,0.5,0,0,0,59.12
22,targeted,2,1.0,0,0,0,53.09
22,targeted,2,2.0,0,0,0,47.07
22,targeted,2,5.0,0,2,1,39.12
22,targeted,2,10.0,0,2,1,33.09
23,random,1,0.5,2,2,0,49.91
23,random,1,1.0,2,2,0,43.89
23,random,1,2.0,2,2,0,37.87
23,random,1,5.0,2,2,0,29.91
23,random,1,10.0,2,2,0,23.89
23,random,2,0.5,2,2,0,46.9
23,random,2,1.0,2,2,0,40.88
23,random,2,2.0,2,2,0,34.86
23,random,2,5.0,2,2,0,26.9
23,random,2,10.0,2,2,0,20.88
23,targeted,1,0.5,2,2,0,63.33
23,targeted,1,1.0,2,2,0,57.31
23,targeted,1,2.0,2,2,0,51.29
23,targeted,1,5.0,2,2,0,43.33
23,targeted,1,10.0,2,2,0,37.31
23,targeted,2,0.5,2,2,0,60.32
23,targeted,2,1.0,2,2,0,54.3
23,targeted,2,2.0,2,2,0,48.28
23,targeted,2,5.0,2,2,0,40.32
23,targeted,2,10.0,2,2,0,34.3
24,random,1,0.5,2,2,0,46.85
24,random,1,1.0,2,2,0,40.83
24,random,1,2.0,2,2,0,34.81
24,random,1,5.0,2,2,0,26.85
24,random,1,10.0,2,2,0,20.83
24,random,2,0.5,2,2,0,43.84
24,random,2,1.0,2,2,0,37.82
24,random,2,2.0,2,2,0,31.8
24,random,2,5.0,2,2,0,23.84
24,random,2,10.0,2,2,0,17.82
24,targeted,1,0.5,2,2,0,60.27
24,targeted,1,1.0,2,2,0,54.25
24,targeted,1,2.0,2,2,0,48.23
24,targeted,1,5.0,2,2,0,40.27
24,targeted,1,10.0,2,2,0,34.25
24,targeted,2,0.5,2,2,0,57.26
24,targeted,2,1.0,2,2,0,51.24
24,targeted,2,2.0,2,2,0,45.22
24,targeted,2,5.0,2,2,0,37.26
24,targeted,2,10.0,2,0,1,31.24
25,random,1,0.5,0,0,0,48.03
25,random,1,1.0,0,0,0,42.01
25,random,1,2.0,0,0,0,35.99
25,random,1,5.0,0,0,0,28.03
25,random,1,10.0,0,0,0,22.01
25,random,2,0.5,0,0,0,45.02
25,random,2,1.0,0,0,0,39.0
25,random,2,2.0,0,0,0,32.98
25,random,2,5.0,0,0,0,25.02
25,random,2,10.0,0,0,0,19.0
25,targeted,1,0.5,0,0,0,61.45
25,targeted,1,1.0,0,0,0,55.43
25,targeted,1,2.0,0,0,0,49.41
25,targeted,1,5.0,0,0,0,41.45
25,targeted,1,10.0,0,0,0,35.43
25,targeted,2,0.5,0,0,0,58.44
25,targeted,2,1.0,0,0,0,52.42
25,targeted,2,2.0,0,0,0,46.4
25,targeted,2,5.0,0,0,0,38.44
25,targeted,2,10.0,0,2,1,32.42
26,random,1,0.5,1,1,0,46.53
26,random,1,1.0,1,1,0,40.51
26,random,1,2.0,1,1,0,34.49
26,random,1,5.0,1,1,0,26.53
26,random,1,10.0,1,1,0,20.51
26,random,2,0.5,1,1,0,43.52
26,random,2,1.0,1,1,0,37.5
26,random,2,2.0,1,1,0,31.48
26,random,2,5.0,1,1,0,23.52
26,random,2,10.0,1,1,0,17.5
26,targeted,1,0.5,1,1,0,59.96
26,targeted,1,1.0,1,1,0,53.94
26,targeted,1,2.0,1,1,0,47.92
26,targeted,1,5.0,1,1,0,39.96
26,targeted,1,10.0,1,1,0,33.94
26,targeted,2,0.5,1,1,0,56.95
26,targeted,2,1.0,1,1,0,50.93
26,targeted,2,2.0,1,1,0,44.9
26,targeted,2,5.0,1,1,0,36.95
26,targeted,2,10.0,1,1,0,30.93
27,random,1,0.5,1,1,0,47.39
27,random,1,1.0,1,1,0,41.37
27,random,1,2.0,1,1,0,35.35
27,random,1,5.0,1,1,0,27.39
27,random,1,10.0,1,1,0,21.37
27,random,2,0.5,1,1,0,44.38
27,random,2,1.0,1,1,0,38.36
27,random,2,2.0,1,1,0,32.34
27,random,2,5.0,1,1,0,24.38
27,random,2,10.0,1,1,0,18.36
27,targeted,1,0.5,1,1,0,60.82
27,targeted,1,1.0,1,1,0,54.79
27,targeted,1,2.0,1,1,0,48.77
27,targeted,1,5.0,1,1,0,40.82
27,targeted,1,10.0,1,1,0,34.79
27,targeted,2,0.5,1,1,0,57.8
27,targeted,2,1.0,1,1,0,51.78
27,targeted,2,2.0,1,1,0,45.76
27,targeted,2,5.0,1,1,0,37.8
27,targeted,2,10.0,1,1,0,31.78
28,random,1,0.5,0,0,0,47.21
28,random,1,1.0,0,0,0,41.19
28,random,1,2.0,0,0,0,35.17
28,random,1,5.0,0,0,0,27.21
28,random,1,10.0,0,0,0,21.19
28,random,2,0.5,0,0,0,44.2
28,random,2,1.0,0,0,0,38.18
28,random,2,2.0,0,0,0,32.16
28,random,2,5.0,0,0,0,24.2
28,random,2,10.0,0,0,0,18.18
28,targeted,1,0.5,0,0,0,60.64
28,targeted,1,1.0,0,0,0,54.62
28,targeted,1,2.0,0,0,0,48.6
28,targeted,1,5.0,0,0,0,40.64
28,targeted,1,10.0,0,0,0,34.62
28,targeted,2,0.5,0,0,0,57.63
28,targeted,2,1.0,0,0,0,51.61
28,targeted,2,2.0,0,0,0,45.59
28,targeted,2,5.0,0,0,0,37.63
28,targeted,2,10.0,0,0,0,31.61
29,random,1,0.5,0,0,0,48.76
29,random,1,1.0,0,0,0,42.74
29,random,1,2.0,0,0,0,36.72
29,random,1,5.0,0,0,0,28.76
29,random,1,10.0,0,0,0,22.74
29,random,2,0.5,0,0,0,45.75
29,random,2,1.0,0,0,0,39.73
29,random,2,2.0,0,0,0,33.71
29,random,2,5.0,0,0,0,25.75
29,random,2,10.0,0,0,0,19.73
29,targeted,1,0.5,0,0,0,62.18
29,targeted,1,1.0,0,0,0,56.16
29,targeted,1,2.0,0,0,0,50.14
29,targeted,1,5.0,0,0,0,42.18
29,targeted,1,10.0,0,0,0,36.16
29,targeted,2,0.5,0,0,0,59.17
29,targeted,2,1.0,0,0,0,53.15
29,targeted,2,2.0,0,0,0,47.13
29,targeted,2,5.0,0,0,0,39.17
29,targeted,2,10.0,0,0,0,33.15
30,random,1,0.5,1,1,0,49.34
30,random,1,1.0,1,1,0,43.32
30,random,1,2.0,1,1,0,37.3
30,random,1,5.0,1,1,0,29.34
30,random,1,10.0,1,1,0,23.32
30,random,2,0.5,1,1,0,46.33
30,random,2,1.0,1,1,0,40.31
30,random,2,2.0,1,1,0,34.29
30,random,2,5.0,1,1,0,26.33
30,random,2,10.0,1,1,0,20.31
30,targeted,1,0.5,1,1,0,62.76
30,targeted,1,1.0,1,1,0,56.74
30,targeted,1,2.0,1,1,0,50.72
30,targeted,1,5.0,1,1,0,42.76
30,targeted,1,10.0,1,1,0,36.74
30,targeted,2,0.5,1,1,0,59.75
30,targeted,2,1.0,1,1,0,53.73
30,targeted,2,2.0,1,1,0,47.71
30,targeted,2,5.0,1,1,0,39.75
30,targeted,2,10.0,1,1,0,33.73
31,random,1,0.5,2,2,0,47.31
31,random,1,1.0,2,2,0,41.29
31,random,1,2.0,2,2,0,35.27
31,random,1,5.0,2,2,0,27.31
31,random,1,10.0,2,2,0,21.29
31,random,2,0.5,2,2,0,44.3
31,random,2,1.0,2,2,0,38.28
31,random,2,2.0,2,2,0,32.26
31,random,2,5.0,2,2,0,24.3
31,random,2,10.0,2,2,0,18.28
31,targeted,1,0.5,2,2,0,60.73
31,targeted,1,1.0,2,2,0,54.71
31,targeted,1,2.0,2,2,0,48.69
31,targeted,1,5.0,2,2,0,40.73
31,targeted,1,10.0,2,2,0,34.71
31,targeted,2,0.5,2,2,0,57.72
31,targeted,2,1.0,2,2,0,51.7
31,targeted,2,2.0,2,2,0,45.68
31,targeted,2,5.0,2,2,0,37.72
31,targeted,2,10.0,2,2,0,31.7
32,random,1,0.5,2,2,0,48.75
32,random,1,1.0,2,2,0,42.73
32,random,1,2.0,2,2,0,36.71
32,random,1,5.0,2,2,0,28.75
32,random,1,10.0,2,2,0,22.73
32,random,2,0.5,2,2,0,45.74
32,random,2,1.0,2,2,0,39.72
32,random,2,2.0,2,2,0,33.7
32,random,2,5.0,2,2,0,25.74
32,random,2,10.0,2,2,0,19.72
32,targeted,1,0.5,2,2,0,62.17
32,targeted,1,1.0,2,2,0,56.15
32,targeted,1,2.0,2,2,0,50.13
32,targeted,1,5.0,2,2,0,42.17
32,targeted,1,10.0,2,2,0,36.15
32,targeted,2,0.5,2,2,0,59.16
32,targeted,2,1.0,2,2,0,53.14
32,targeted,2,2.0,2,2,0,47.12
32,targeted,2,5.0,2,2,0,39.16
32,targeted,2,10.0,2,2,0,33.14
33,random,1,0.5,1,1,0,48.87
33,random,1,1.0,1,1,0,42.85
33,random,1,2.0,1,1,0,36.83
33,random,1,5.0,1,1,0,28.87
33,random,1,10.0,1,1,0,22.85
33,random,2,0.5,1,1,0,45.86
33,random,2,1.0,1,1,0,39.84
33,random,2,2.0,1,1,0,33.82
33,random,2,5.0,1,1,0,25.86
33,random,2,10.0,1,1,0,19.84
33,targeted,1,0.5,1,1,0,62.3
33,targeted,1,1.0,1,1,0,56.28
33,targeted,1,2.0,1,1,0,50.26
33,targeted,1,5.0,1,1,0,42.3
33,targeted,1,10.0,1,1,0,36.28
33,targeted,2,0.5,1,1,0,59.29
33,targeted,2,1.0,1,1,0,53.27
33,targeted,2,2.0,1,1,0,47.25
33,targeted,2,5.0,1,1,0,39.29
33,targeted,2,10.0,1,2,1,33.27
34,random,1,0.5,1,1,0,48.17
34,random,1,1.0,1,1,0,42.15
34,random,1,2.0,1,1,0,36.13
34,random,1,5.0,1,1,0,28.17
34,random,1,10.0,1,1,0,22.15
34,random,2,0.5,1,1,0,45.16
34,random,2,1.0,1,1,0,39.14
34,random,2,2.0,1,1,0,33.12
34,random,2,5.0,1,1,0,25.16
34,random,2,10.0,1,1,0,19.14
34,targeted,1,0.5,1,1,0,61.6
34,targeted,1,1.0,1,1,0,55.58
34,targeted,1,2.0,1,1,0,49.56
34,targeted,1,5.0,1,1,0,41.6
34,targeted,1,10.0,1,1,0,35.58
34,targeted,2,0.5,1,1,0,58.59
34,targeted,2,1.0,1,1,0,52.57
34,targeted,2,2.0,1,1,0,46.55
34,targeted,2,5.0,1,1,0,38.59
34,targeted,2,10.0,1,1,0,32.57
35,random,1,0.5,1,1,0,47.86
35,random,1,1.0,1,1,0,41.84
35,random,1,2.0,1,1,0,35.82
35,random,1,5.0,1,1,0,27.86
35,random,1,10.0,1,1,0,21.84
35,random,2,0.5,1,1,0,44.85
35,random,2,1.0,1,1,0,38.83
35,random,2,2.0,1,1,0,32.81
35,random,2,5.0,1,1,0,24.85
35,random,2,10.0,1,1,0,18.83
35,targeted,1,0.5,1,1,0,61.28
35,targeted,1,1.0,1,1,0,55.26
35,targeted,1,2.0,1,1,0,49.24
35,targeted,1,5.0,1,1,0,41.28
35,targeted,1,10.0,1,1,0,35.26
35,targeted,2,0.5,1,1,0,58.27
35,targeted,2,1.0,1,1,0,52.25
35,targeted,2,2.0,1,1,0,46.23
35,targeted,2,5.0,1,1,0,38.27
35,targeted,2,10.0,1,1,0,32.25
36,random,1,0.5,1,1,0,49.76
36,random,1,1.0,1,1,0,43.74
36,random,1,2.0,1,1,0,37.72
36,random,1,5.0,1,1,0,29.76
36,random,1,10.0,1,1,0,23.74
36,random,2,0.5,1,1,0,46.75
36,random,2,1.0,1,1,0,40.73
36,random,2,2.0,1,1,0,34.71
36,random,2,5.0,1,1,0,26.75
36,random,2,10.0,1,1,0,20.73
36,targeted,1,0.5,1,1,0,63.18
36,targeted,1,1.0,1,1,0,57.16
36,targeted,1,2.0,1,1,0,51.14
36,targeted,1,5.0,1,1,0,43.18
36,targeted,1,10.0,1,1,0,37.16
36,targeted,2,0.5,1,1,0,60.17
36,targeted,2,1.0,1,1,0,54.15
36,targeted,2,2.0,1,1,0,48.13
36,targeted,2,5.0,1,1,0,40.17
36,targeted,2,10.0,1,1,0,34.15
37,random,1,0.5,0,0,0,47.81
37,random,1,1.0,0,0,0,41.79
37,random,1,2.0,0,0,0,35.77
37,random,1,5.0,0,0,0,27.81
37,random,1,10.0,0,0,0,21.79
37,random,2,0.5,0,0,0,44.8
37,random,2,1.0,0,0,0,38.78
37,random,2,2.0,0,0,0,32.76
37,random,2,5.0,0,0,0,24.8
37,random,2,10.0,0,0,0,18.78
37,targeted,1,0.5,0,0,0,61.23
37,targeted,1,1.0,0,0,0,55.21
37,targeted,1,2.0,0,0,0,49.19
37,targeted,1,5.0,0,0,0,41.23
37,targeted,1,10.0,0,0,0,35.21
37,targeted,2,0.5,0,0,0,58.22
37,targeted,2,1.0,0,0,0,52.2
37,targeted,2,2.0,0,0,0,46.18
37,targeted,2,5.0,0,0,0,38.22
37,targeted,2,10.0,0,0,0,32.2
38,random,1,0.5,0,0,0,47.43
38,random,1,1.0,0,2,1,41.41
38,random,1,2.0,0,2,1,35.39
38,random,1,5.0,0,2,1,27.43
38,random,1,10.0,0,2,1,21.41
38,random,2,0.5,0,0,0,44.42
38,random,2,1.0,0,0,0,38.4
38,random,2,2.0,0,2,1,32.38
38,random,2,5.0,0,2,1,24.42
38,random,2,10.0,0,2,1,18.4
38,targeted,1,0.5,0,2,1,60.86
38,targeted,1,1.0,0,2,1,54.83
38,targeted,1,2.0,0,2,1,48.81
38,targeted,1,5.0,0,2,1,40.86
38,targeted,1,10.0,0,2,1,34.83
38,targeted,2,0.5,0,2,1,57.84
38,targeted,2,1.0,0,2,1,51.82
38,targeted,2,2.0,0,2,1,45.8
38,targeted,2,5.0,0,2,1,37.84
38,targeted,2,10.0,0,2,1,31.82
39,random,1,0.5,0,0,0,47.83
39,random,1,1.0,0,0,0,41.81
39,random,1,2.0,0,0,0,35.79
39,random,1,5.0,0,0,0,27.83
39,random,1,10.0,0,0,0,21.81
39,random,2,0.5,0,0,0,44.82
39,random,2,1.0,0,0,0,38.8
39,random,2,2.0,0,0,0,32.78
39,random,2,5.0,0,0,0,24.82
39,random,2,10.0,0,0,0,18.8
39,targeted,1,0.5,0,0,0,61.26
39,targeted,1,1.0,0,0,0,55.24
39,targeted,1,2.0,0,0,0,49.22
39,targeted,1,5.0,0,0,0,41.26
39,targeted,1,10.0,0,2,1,35.24
39,targeted,2,0.5,0,0,0,58.25
39,targeted,2,1.0,0,0,0,52.23
39,targeted,2,2.0,0,0,0,46.21
39,targeted,2,5.0,0,2,1,38.25
39,targeted,2,10.0,0,2,1,32.23
40,random,1,0.5,1,1,0,47.48
40,random,1,1.0,1,1,0,41.45
40,random,1,2.0,1,1,0,35.43
40,random,1,5.0,1,1,0,27.48
40,random,1,10.0,1,1,0,21.45
40,random,2,0.5,1,1,0,44.46
40,random,2,1.0,1,1,0,38.44
40,random,2,2.0,1,1,0,32.42
40,random,2,5.0,1,1,0,24.46
40,random,2,10.0,1,1,0,18.44
40,targeted,1,0.5,1,1,0,60.9
40,targeted,1,1.0,1,1,0,54.88
40,targeted,1,2.0,1,1,0,48.86
40,targeted,1,5.0,1,1,0,40.9
40,targeted,1,10.0,1,1,0,34.88
40,targeted,2,0.5,1,1,0,57.89
40,targeted,2,1.0,1,1,0,51.87
40,targeted,2,2.0,1,1,0,45.85
40,targeted,2,5.0,1,1,0,37.89
40,targeted,2,10.0,1,1,0,31.87
41,random,1,0.5,2,2,0,47.56
41,random,1,1.0,2,2,0,41.54
41,random,1,2.0,2,2,0,35.52
41,random,1,5.0,2,2,0,27.56
41,random,1,10.0,2,2,0,21.54
41,random,2,0.5,2,2,0,44.55
41,random,2,1.0,2,2,0,38.53
41,random,2,2.0,2,2,0,32.51
41,random,2,5.0,2,2,0,24.55
41,random,2,10.0,2,2,0,18.53
41,targeted,1,0.5,2,2,0,60.99
41,targeted,1,1.0,2,2,0,54.97
41,targeted,1,2.0,2,2,0,48.94
41,targeted,1,5.0,2,2,0,40.99
41,targeted,1,10.0,2,2,0,34.97
41,targeted,2,0.5,2,2,0,57.98
41,targeted,2,1.0,2,2,0,51.95
41,targeted,2,2.0,2,2,0,45.93
41,targeted,2,5.0,2,2,0,37.98
41,targeted,2,10.0,2,2,0,31.95
42,random,1,0.5,1,1,0,46.82
42,random,1,1.0,1,1,0,40.8
42,random,1,2.0,1,1,0,34.78
42,random,1,5.0,1,1,0,26.82
42,random,1,10.0,1,1,0,20.8
42,random,2,0.5,1,1,0,43.81
42,random,2,1.0,1,1,0,37.79
42,random,2,2.0,1,1,0,31.77
42,random,2,5.0,1,1,0,23.81
42,random,2,10.0,1,1,0,17.79
42,targeted,1,0.5,1,1,0,60.25
42,targeted,1,1.0,1,1,0,54.23
42,targeted,1,2.0,1,1,0,48.2
42,targeted,1,5.0,1,1,0,40.25
42,targeted,1,10.0,1,1,0,34.23
42,targeted,2,0.5,1,1,0,57.24
42,targeted,2,1.0,1,1,0,51.21
42,targeted,2,2.0,1,1,0,45.19
42,targeted,2,5.0,1,1,0,37.24
42,targeted,2,10.0,1,1,0,31.21
43,random,1,0.5,1,1,0,48.42
43,random,1,1.0,1,1,0,42.4
43,random,1,2.0,1,1,0,36.38
43,random,1,5.0,1,1,0,28.42
43,random,1,10.0,1,1,0,22.4
43,random,2,0.5,1,1,0,45.41
43,random,2,1.0,1,1,0,39.39
43,random,2,2.0,1,1,0,33.37
43,random,2,5.0,1,1,0,25.41
43,random,2,10.0,1,1,0,19.39
43,targeted,1,0.5,1,1,0,61.84
43,targeted,1,1.0,1,1,0,55.82
43,targeted,1,2.0,1,1,0,49.8
43,targeted,1,5.0,1,1,0,41.84
43,targeted,1,10.0,1,1,0,35.82
43,targeted,2,0.5,1,1,0,58.83
43,targeted,2,1.0,1,1,0,52.81
43,targeted,2,2.0,1,1,0,46.79
43,targeted,2,5.0,1,1,0,38.83
43,targeted,2,10.0,1,2,1,32.81
44,random,1,0.5,1,1,0,48.43
44,random,1,1.0,1,1,0,42.41
44,random,1,2.0,1,1,0,36.39
44,random,1,5.0,1,1,0,28.43
44,random,1,10.0,1,1,0,22.41
44,random,2,0.5,1,1,0,45.42
44,random,2,1.0,1,1,0,39.4
44,random,2,2.0,1,1,0,33.38
44,random,2,5.0,1,1,0,25.42
44,random,2,10.0,1,1,0,19.4
44,targeted,1,0.5,1,1,0,61.85
44,targeted,1,1.0,1,1,0,55.83
44,targeted,1,2.0,1,1,0,49.81
44,targeted,1,5.0,1,1,0,41.85
44,targeted,1,10.0,1,1,0,35.83
44,targeted,2,0.5,1,1,0,58.84
44,targeted,2,1.0,1,1,0,52.82
44,targeted,2,2.0,1,1,0,46.8
44,targeted,2,5.0,1,1,0,38.84
44,targeted,2,10.0,1,1,0,32.82
45,random,1,0.5,2,2,0,48.9
45,random,1,1.0,2,2,0,42.88
45,random,1,2.0,2,2,0,36.86
45,random,1,5.0,2,2,0,28.9
45,random,1,10.0,2,2,0,22.88
45,random,2,0.5,2,2,0,45.89
45,random,2,1.0,2,2,0,39.87
45,random,2,2.0,2,2,0,33.85
45,random,2,5.0,2,2,0,25.89
45,random,2,10.0,2,2,0,19.87
45,targeted,1,0.5,2,2,0,62.32
45,targeted,1,1.0,2,2,0,56.3
45,targeted,1,2.0,2,2,0,50.28
45,targeted,1,5.0,2,2,0,42.32
45,targeted,1,10.0,2,2,0,36.3
45,targeted,2,0.5,2,2,0,59.31
45,targeted,2,1.0,2,2,0,53.29
45,targeted,2,2.0,2,2,0,47.27
45,targeted,2,5.0,2,2,0,39.31
45,targeted,2,10.0,2,2,0,33.29
46,random,1,0.5,0,0,0,47.23
46,random,1,1.0,0,0,0,41.21
46,random,1,2.0,0,0,0,35.19
46,random,1,5.0,0,0,0,27.23
46,random,1,10.0,0,0,0,21.21
46,random,2,0.5,0,0,0,44.22
46,random,2,1.0,0,0,0,38.2
46,random,2,2.0,0,0,0,32.18
46,random,2,5.0,0,0,0,24.22
46,random,2,10.0,0,2,1,18.2
46,targeted,1,0.5,0,0,0,60.65
46,targeted,1,1.0,0,0,0,54.63
46,targeted,1,2.0,0,0,0,48.61
46,targeted,1,5.0,0,2,1,40.65
46,targeted,1,10.0,0,2,1,34.63
46,targeted,2,0.5,0,0,0,57.64
46,targeted,2,1.0,0,0,0,51.62
46,targeted,2,2.0,0,2,1,45.6
46,targeted,2,5.0,0,2,1,37.64
46,targeted,2,10.0,0,2,1,31.62
47,random,1,0.5,0,0,0,48.04
47,random,1,1.0,0,0,0,42.02
47,random,1,2.0,0,0,0,36.0
47,random,1,5.0,0,0,0,28.04
47,random,1,10.0,0,0,0,22.02
47,random,2,0.5,0,0,0,45.03
47,random,2,1.0,0,0,0,39.01
47,random,2,2.0,0,0,0,32.99
47,random,2,5.0,0,0,0,25.03
47,random,2,10.0,0,0,0,19.01
47,targeted,1,0.5,0,0,0,61.47
47,targeted,1,1.0,0,0,0,55.45
47,targeted,1,2.0,0,0,0,49.43
47,targeted,1,5.0,0,0,0,41.47
47,targeted,1,10.0,0,0,0,35.45
47,targeted,2,0.5,0,0,0,58.46
47,targeted,2,1.0,0,0,0,52.44
47,targeted,2,2.0,0,0,0,46.42
47,targeted,2,5.0,0,0,0,38.46
47,targeted,2,10.0,0,0,0,32.44
48,random,1,0.5,1,1,0,50.31
48,random,1,1.0,1,1,0,44.29
48,random,1,2.0,1,1,0,38.27
48,random,1,5.0,1,1,0,30.31
48,random,1,10.0,1,1,0,24.29
48,random,2,0.5,1,1,0,47.3
48,random,2,1.0,1,1,0,41.28
48,random,2,2.0,1,1,0,35.26
48,random,2,5.0,1,1,0,27.3
48,random,2,10.0,1,1,0,21.28
48,targeted,1,0.5,1,1,0,63.74
48,targeted,1,1.0,1,1,0,57.72
48,targeted,1,2.0,1,1,0,51.7
48,targeted,1,5.0,1,1,0,43.74
48,targeted,1,10.0,1,1,0,37.72
48,targeted,2,0.5,1,1,0,60.73
48,targeted,2,1.0,1,1,0,54.71
48,targeted,2,2.0,1,1,0,48.69
48,targeted,2,5.0,1,1,0,40.73
48,targeted,2,10.0,1,1,0,34.71
49,random,1,0.5,2,2,0,50.0
49,random,1,1.0,2,2,0,43.98
49,random,1,2.0,2,2,0,37.96
49,random,1,5.0,2,2,0,30.0
49,random,1,10.0,2,2,0,23.98
49,random,2,0.5,2,2,0,46.99
49,random,2,1.0,2,2,0,40.97
49,random,2,2.0,2,2,0,34.95
49,random,2,5.0,2,2,0,26.99
49,random,2,10.0,2,2,0,20.97
49,targeted,1,0.5,2,2,0,63.43
49,targeted,1,1.0,2,2,0,57.41
49,targeted,1,2.0,2,2,0,51.39
49,targeted,1,5.0,2,2,0,43.43
49,targeted,1,10.0,2,0,1,37.41
49,targeted,2,0.5,2,2,0,60.42
49,targeted,2,1.0,2,2,0,54.4
49,targeted,2,2.0,2,2,0,48.38
49,targeted,2,5.0,2,0,1,40.42
49,targeted,2,10.0,2,0,1,34.4
50,random,1,0.5,0,0,0,48.48
50,random,1,1.0,0,0,0,42.46
50,random,1,2.0,0,0,0,36.43
50,random,1,5.0,0,0,0,28.48
50,random,1,10.0,0,0,0,22.46
50,random,2,0.5,0,0,0,45.47
50,random,2,1.0,0,0,0,39.44
50,random,2,2.0,0,0,0,33.42
50,random,2,5.0,0,0,0,25.47
50,random,2,10.0,0,0,0,19.44
50,targeted,1,0.5,0,0,0,61.9
50,targeted,1,1.0,0,0,0,55.88
50,targeted,1,2.0,0,0,0,49.86
50,targeted,1,5.0,0,0,0,41.9
50,targeted,1,10.0,0,0,0,35.88
50,targeted,2,0.5,0,0,0,58.89
50,targeted,2,1.0,0,0,0,52.87
50,targeted,2,2.0,0,0,0,46.85
50,targeted,2,5.0,0,0,0,38.89
50,targeted,2,10.0,0,2,1,32.87
51,random,1,0.5,0,0,0,48.83
51,random,1,1.0,0,0,0,42.81
51,random,1,2.0,0,0,0,36.79
51,random,1,5.0,0,0,0,28.83
51,random,1,10.0,0,0,0,22.81
51,random,2,0.5,0,0,0,45.82
51,random,2,1.0,0,0,0,39.8
51,random,2,2.0,0,0,0,33.78
51,random,2,5.0,0,0,0,25.82
51,random,2,10.0,0,0,0,19.8
51,targeted,1,0.5,0,0,0,62.25
51,targeted,1,1.0,0,0,0,56.23
51,targeted,1,2.0,0,0,0,50.21
51,targeted,1,5.0,0,0,0,42.25
51,targeted,1,10.0,0,0,0,36.23
51,targeted,2,0.5,0,0,0,59.24
51,targeted,2,1.0,0,0,0,53.22
51,targeted,2,2.0,0,0,0,47.2
51,targeted,2,5.0,0,0,0,39.24
51,targeted,2,10.0,0,0,0,33.22
52,random,1,0.5,2,2,0,46.57
52,random,1,1.0,2,2,0,40.55
52,random,1,2.0,2,2,0,34.53
52,random,1,5.0,2,2,0,26.57
52,random,1,10.0,2,2,0,20.55
52,random,2,0.5,2,2,0,43.56
52,random,2,1.0,2,2,0,37.54
52,random,2,2.0,2,2,0,31.52
52,random,2,5.0,2,2,0,23.56
52,random,2,10.0,2,2,0,17.54
52,targeted,1,0.5,2,2,0,59.99
52,targeted,1,1.0,2,2,0,53.97
52,targeted,1,2.0,2,2,0,47.95
52,targeted,1,5.0,2,2,0,39.99
52,targeted,1,10.0,2,2,0,33.97
52,targeted,2,0.5,2,2,0,56.98
52,targeted,2,1.0,2,2,0,50.96
52,targeted,2,2.0,2,2,0,44.94
52,targeted,2,5.0,2,2,0,36.98
52,targeted,2,10.0,2,2,0,30.96
53,random,1,0.5,2,2,0,48.05
53,random,1,1.0,2,2,0,42.03
53,random,1,2.0,2,2,0,36.01
53,random,1,5.0,2,2,0,28.05
53,random,1,10.0,2,2,0,22.03
53,random,2,0.5,2,2,0,45.04
53,random,2,1.0,2,2,0,39.02
53,random,2,2.0,2,2,0,33.0
53,random,2,5.0,2,2,0,25.04
53,random,2,10.0,2,2,0,19.02
53,targeted,1,0.5,2,2,0,61.47
53,targeted,1,1.0,2,2,0,55.45
53,targeted,1,2.0,2,2,0,49.43
53,targeted,1,5.0,2,2,0,41.47
53,targeted,1,10.0,2,2,0,35.45
53,targeted,2,0.5,2,2,0,58.46
53,targeted,2,1.0,2,2,0,52.44
53,targeted,2,2.0,2,2,0,46.42
53,targeted,2,5.0,2,2,0,38.46
53,targeted,2,10.0,2,2,0,32.44
54,random,1,0.5,2,2,0,48.57
54,random,1,1.0,2,2,0,42.55
54,random,1,2.0,2,2,0,36.53
54,random,1,5.0,2,2,0,28.57
54,random,1,10.0,2,2,0,22.55
54,random,2,0.5,2,2,0,45.56
54,random,2,1.0,2,2,0,39.54
54,random,2,2.0,2,2,0,33.51
54,random,2,5.0,2,2,0,25.56
54,random,2,10.0,2,2,0,19.54
54,targeted,1,0.5,2,2,0,61.99
54,targeted,1,1.0,2,2,0,55.97
54,targeted,1,2.0,2,2,0,49.95
54,targeted,1,5.0,2,2,0,41.99
54,targeted,1,10.0,2,2,0,35.97
54,targeted,2,0.5,2,2,0,58.98
54,targeted,2,1.0,2,2,0,52.96
54,targeted,2,2.0,2,2,0,46.94
54,targeted,2,5.0,2,2,0,38.98
54,targeted,2,10.0,2,0,1,32.96
55,random,1,0.5,2,2,0,49.19
55,random,1,1.0,2,2,0,43.17
55,random,1,2.0,2,2,0,37.15
55,random,1,5.0,2,2,0,29.19
55,random,1,10.0,2,2,0,23.17
55,random,2,0.5,2,2,0,46.18
55,random,2,1.0,2,2,0,40.16
55,random,2,2.0,2,2,0,34.14
55,random,2,5.0,2,2,0,26.18
55,random,2,10.0,2,2,0,20.16
55,targeted,1,0.5,2,2,0,62.62
55,targeted,1,1.0,2,2,0,56.6
55,targeted,1,2.0,2,2,0,50.57
55,targeted,1,5.0,2,2,0,42.62
55,targeted,1,10.0,2,2,0,36.6
55,targeted,2,0.5,2,2,0,59.61
55,targeted,2,1.0,2,2,0,53.58
55,targeted,2,2.0,2,2,0,47.56
55,targeted,2,5.0,2,2,0,39.61
55,targeted,2,10.0,2,0,1,33.58
56,random,1,0.5,1,1,0,48.13
56,random,1,1.0,1,1,0,42.11
56,random,1,2.0,1,1,0,36.09
56,random,1,5.0,1,1,0,28.13
56,random,1,10.0,1,1,0,22.11
56,random,2,0.5,1,1,0,45.12
56,random,2,1.0,1,1,0,39.1
56,random,2,2.0,1,1,0,33.08
56,random,2,5.0,1,1,0,25.12
56,random,2,10.0,1,1,0,19.1
56,targeted,1,0.5,1,1,0,61.55
56,targeted,1,1.0,1,1,0,55.53
56,targeted,1,2.0,1,1,0,49.51
56,targeted,1,5.0,1,1,0,41.55
56,targeted,1,10.0,1,1,0,35.53
56,targeted,2,0.5,1,1,0,58.54
56,targeted,2,1.0,1,1,0,52.52
56,targeted,2,2.0,1,1,0,46.5
56,targeted,2,5.0,1,1,0,38.54
56,targeted,2,10.0,1,1,0,32.52
